id,name,department,marks,created_date,last_modified_timestamp
1,Logidhasan,AI,95,2025-11-04 19:15:59.944065,2025-11-04 19:15:59.944065
2,nallavan,maths,99,2025-11-04 19:15:59.944065,2025-11-04 19:15:59.944065
3,jikku,zoology,89,2025-11-04 19:15:59.944065,2025-11-04 19:15:59.944065
4,balaram,tamil,100,2025-11-04 19:15:59.944065,2025-11-04 19:15:59.944065
5,deva,tamil,100,2025-11-04 19:15:59.944065,2025-11-04 19:15:59.944065
6,nisha,data_science,90,2025-11-04 19:15:59.944065,2025-11-04 19:15:59.944065
7,billa,drug,35,2025-11-04 19:17:46.727212,2025-11-04 19:17:46.727212
8,bingo,snacks,10,2025-11-05 21:44:53.759772,2025-11-05 21:44:53.759772
9,saravanan,AI,90,2025-11-05 21:56:32.086312,2025-11-05 21:56:32.086312
